<?xml version="1.0" encoding="UTF-8"?>
<project-private xmlns="http://www.netbeans.org/ns/project-private/1">
    <editor-bookmarks xmlns="http://www.netbeans.org/ns/editor-bookmarks/2" lastBookmarkId="0"/>
    <open-files xmlns="http://www.netbeans.org/ns/projectui-open-files/2">
        <group>
            <file>file:/home/ben/Desktop/cs/cs245/CS245Project1/Hangman/src/hangman/Symbol.png</file>
            <file>file:/home/ben/Desktop/cs/cs245/CS245Project1/Hangman/src/hangman/HangmanGUI.java</file>
        </group>
    </open-files>
</project-private>
